aerolineas,Aeorméxico
aerolineas,Aerotúcan
aerolineas,Cubana de Aviación
aerolineas,Interjet
aerolineas,Magnicharters
aerolineas,Maya Island Air
aerolineas,MAYAir
aerolineas,Viva Aerobus
aerolineas,Volaris
aerolineas,Xiknal Air
aerolineas,Air Canada
aerolineas,Air Pullmantur
aerolineas,AirTran
aerolineas,Airways
aerolineas,Air Transat
aerolineas,Arkefly
aerolineas,Avianca
aerolineas,Blue Panorama Airlines
aerolineas,CanJet
aerolineas,Condor Airlines
aerolineas,Copa Airlines
aerolineas,Corsairfly
aerolineas,Edelweiss Air
aerolineas,Enerjet
aerolineas,EuroAtlanctic Airways
aerolineas,Iberworld
aerolineas,Jetairfly
aerolineas,JetBlue Airways
aerolineas,LAN Airlines
aerolineas,LAN Perú
aerolineas,Livingston Energy Flight
aerolineas,Martinair
aerolineas,Monarch Airlines
aerolineas,Neos
aerolineas,Novair
aerolineas,Orbest
aerolineas,Sunwing Airlines
aerolineas,TACA
aerolineas,TACA Regional
aerolineas,Thomas Cook Airlines
aerolineas,Transaero
aerolineas,WestJet
aerolineas,White
aerolineas,XL Airways France
aerolineas,Air Berlin
aerolineas,Air Europa
aerolineas,American Airlines
aerolineas,British Airways
aerolineas,Continental Airlines
aerolineas,Delta Air Lines
aerolineas,Delta Connection Comair
aerolineas,Frontier Airlines
aerolineas,Spirit Airlines
aerolineas,Sun Country Airlines
aerolineas,Thomson Airways
aerolineas,United Airlines
aerolineas,US Airways
aerolineas,USA3000 Airlines
aerolineas,Iberia
aerolineas,Iberiaworld
aerolineas,Thomas Cook
aerolineas,Thomson Fly
aerolineas,Lufthansa
aerolineas,Air France
aerolineas,Virgin Atlantic
aerolineas,AeroMexico
aerolineas,Southwest Condor
hotel,AmbianceSuitesCancun
hotel,AquamarinaBeachHotel
hotel,AvalonBaccaraExclusiveHotel
hotel,AvalonGrand
hotel,B2BHotelandPlaza
hotel,BarceloCostaCancun
hotel,BarceloTucancunBeach
hotel,BeachPalace
hotel,BeachParadiseHotetur
hotel,BeachscapeKinHaVillasandSuites
hotel,BelAirCollectionHotelandSpaCancun
hotel,BestWesternHotelPlazaKokaiCancun
hotel,CalypsoHotel
hotel,CancunCaribeParkRoyalGrand
hotel,CancunClipperClub
hotel,CancunPalace
hotel,CaribeInternacional
hotel,CarisayPalma
hotel,CasaMagnaMarriottCancunResort
hotel,CeluismaDosPlayas
hotel,CeluismaImperialLagunaCancun
hotel,CeluismaMayaCaribe
hotel,CityExpressCancun
hotel,CondominiosGirasol
hotel,CondominiosSalvia
hotel,CourtyardbyMarriottCancun
hotel,CrownParadiseClubCancun
hotel,DreamsCancunResortandSpa
hotel,ExcellencePlayaMujeres
hotel,FiestaAmericanaCondesaCancun
hotel,FiestaAmericanaGrandCoralBeachCancunResortandSpa
hotel,FiestaAmericanaVillasCancun
hotel,FlamingoCancunResort
hotel,GoldenParnassusResortandSpa
hotel,GRSolaris
hotel,GranCaribeRealResortandSpa
hotel,GranMeliaCancunBeachandSpaResort
hotel,GrandOasisCancun
hotel,GrandOasisCaribbeanResort
hotel,GrandOasisPlaya
hotel,GrandOasisVivaBeach
hotel,GrandRoyalLagoon
hotel,GreatParnassusResortandSpa
hotel,HiltonCancunBeachandGolfResort
hotel,HolidayInnCancunArenas
hotel,HolidayInnExpressCancun
hotel,HotelAntillano
hotel,HotelBatab
hotel,HotelImperialLasPerlas
hotel,HyattRegencyCancun
hotel,JWMarriottCancunResortandSpa
hotel,KrystalCancun
hotel,KrystalClubTower
hotel,LaAmadaHotel
hotel,LeBlancSpaResort
hotel,LeMeridienCancunResortandSpa
hotel,LiveAquaCancun
hotel,MariadeLourdes
hotel,MeCancunByMelia
hotel,MoonPalace
hotel,OasisAmerica
hotel,OasisCancun
hotel,OasisPalmBeach
hotel,OasisVivaBeach
hotel,OceanSpaHotel
hotel,OmniCancunHotelandVillas
hotel,ParkRoyalCancun
hotel,PlazaCaribe
hotel,PresidenteInterContinentalCancunResort
hotel,QBayHotelandSuites
hotel,RadissonHaciendaCancun
hotel,RamadaCancunCity
hotel,RiuCancun
hotel,RiuCaribe
hotel,RiuPalaceLasAmericas
hotel,RoyalSolarisCancun
hotel,SeaAdventureResortandWaterpark
hotel,SensCancun
hotel,Soberanis
hotel,Solymar
hotel,SotaventoCancun
hotel,SunPalace
hotel,TemptationResortandSpa
hotel,Terracaribe
hotel,TheCaribbeanPrincess
hotel,TheRoyalinCancun
hotel,TheWestinLagunamarOceanResortVillasCancun
hotel,TheWestinResortandSpaCancun
hotel,Xbalamque
hotel,AzulBeachHotel
hotel,CarmenBeach
hotel,CarmenHacienda
hotel,CeibadelMarSpaResort
hotel,DreamsRivieraCancunResortandSpa
hotel,ExcellenceRivieraCancun
hotel,HotelMarinaElCidSpaandBeachResort
hotel,NowJadeRivieraCancunResortandSpa
hotel,OceanCoralandTurquesa
hotel,SecretsSilversandsRivieraCancun
hotel,DesireResortandSpa
hotel,NowSapphireRivieraCancun
hotel,AzulSensatori
hotel,ZoetryParaisodelaBonitaRivieraMaya
hotel,MayanPalaceRivieraMaya
hotel,OceanBreezeGolfHotel
hotel,TheGrandMayanRivieraMaya
hotel,ValentinImperialMaya
hotel,IberostarGrandHotelParaiso
hotel,IberostarParaisoBeach
hotel,IberostarParaisoLindo
hotel,IberostarParaisoMaya
hotel,Amarte
hotel,CataloniaPlayaMaroma
hotel,ElDoradoMaromaaBeachfrontResort
hotel,MaromaResortandSpa
hotel,SecretsMaromaBeachRivieraCancun
hotel,BlueBayGrandEsmeralda
hotel,GrandSunsetandGrandRivieraPrincess
hotel,OceanMaya
hotel,SecretsCapriRivieraCancun
hotel,HaciendaTresRios
hotel,TheTidesRivieraMaya
hotel,ElDoradoRoyaleaSpaResort
hotel,AldeaThaiResort
hotel,Alhambra
hotel,AllRivieraResort
hotel,AllegroPlayacar
hotel,AqualunaHotel
hotel,AventuraMexicana
hotel,BambuSuites
hotel,BarrioLatino
hotel,Basico
hotel,BlueParrotHotel5thAvenue
hotel,BlueParrotSuites
hotel,BlueBayGrandEsmeralda
hotel,CaribbeanParadise
hotel,CarmenInn
hotel,CarmenQuinta
hotel,CarmenSuites
hotel,CasadelMarPlayadelCarmen
hotel,CasaTicul
hotel,CondoHotelElPatio
hotel,CostadelMar
hotel,Deseo
hotel,ElCampanario
hotel,ElDuendedelMar
hotel,ElPunto
hotel,ElTajCondoHotel
hotel,EncantoCortoMaltesAllSuitesResort
hotel,EncantoElFaroAllSuitesResort
hotel,EncantoPaseodelSolAllSuitesResort
hotel,Fusion
hotel,GranPortoRealResortandSpa
hotel,GrandCocoBayAllInclusiveResort
hotel,GrandSunsetandGrandRivieraPrincess
hotel,GrandVelasAllSuitesandSpaResortRivieraMaya
hotel,HaciendadelCaribe
hotel,HaciendaMariaBonita
hotel,HaciendaMariposa
hotel,HaciendaParadise
hotel,HaciendaRealdelCaribe
hotel,HaciendaVistaRealResortandSpa
hotel,HolidayInnExpressPlayacar
hotel,HotelBanana
hotel,HotelCocoRio
hotel,HotelCohiba
hotel,HotelCopaCabaña
hotel,HotelEclipse
hotel,IberostarQuetzal
hotel,IllusionBoutique
hotel,InFashionHotelBoutique
hotel,Kinbe
hotel,LaTortugaHotelandSpa
hotel,LasGolondrinas
hotel,LasPalapas
hotel,LeReveHotelSpa
hotel,LosItzaesCharmingandPetitHotel
hotel,MagicBlue
hotel,MagicExpress
hotel,MahekalBeachResort
hotel,MayaInn
hotel,MayaVillaCondoHotel
hotel,MimidelMar
hotel,MistikResidenceClub
hotel,Moongate
hotel,MosquitoBeach
hotel,MosquitoBlue
hotel,Nina
hotel,OceanMaya
hotel,OmHotel
hotel,OnePlayadelCarmenCentro
hotel,PelicanoInn
hotel,PlayadelKarma
hotel,PlayaPalms
hotel,PlayacarPalace
hotel,PortoPlayaCondoHotel
hotel,PosadaMariposa
hotel,QuintaPalmera
hotel,QuintoSolPlaya
hotel,RealPlayadelCarmen
hotel,ReinaRojaHotel
hotel,RiuLupita
hotel,RiuPalaceMexico
hotel,RiuPalaceRivieraMaya
hotel,RiuPlayacar
hotel,RiuTequila
hotel,RiuYucatan
hotel,RivieraCaribeMaya
hotel,RivieradelSolHotel
hotel,RivieraMayaSuites
hotel,RoyalHideaway
hotel,SaharaHotel
hotel,SandosCaracolEcoResortandSpa
hotel,SandosPlayacarBeachResortandSpa
hotel,SandosRivieraBeachResortandSpa
hotel,TheElements
hotel,TheReefPlayacar
hotel,TheRoyalPlayadelCarmen
hotel,Tukan
hotel,VillasSacbe
hotel,VivaWyndhamAzteca
hotel,VivaWyndhamMaya
hotel,OccidentalGrandXcaret
hotel,AventuraCovePalace
hotel,AventuraSpaPalace
hotel,CataloniaRivieraMaya
hotel,CoralMaya
hotel,DreamsPuertoAventuras
hotel,EncantoAventurasClubAllSuitesResort
hotel,LosVientosbyEncanto
hotel,OmniPuertoAventuras
hotel,CataloniaYucatanBeach
hotel,BarcelóMayaPalaceDeluxe
hotel,BarceloMayaBeachandCaribe
hotel,BarcelóMayaColonialandTropicalBeach
hotel,CataloniaRoyalTulum
hotel,Xpu-haPalace
hotel,ElDoradoSeasideSuites
hotel,GrandPalladiumRivieraResort&Spa
hotel,HiddenBeachResort
hotel,AkumalBeachResort
hotel,GranBahiaPrincipeAkumal
hotel,GrandOasisRivieraMaya
hotel,GrandSirenisBeach
hotel,GrandSirenisRivieraMaya
hotel,LasVillasAkumal
hotel,VillasDeRosa
hotel,AzucarHotelTulum
hotel,Azulik
hotel,BlueTulumResortandSpa
hotel,CabañasCopal
hotel,CabañasLosLirios
hotel,CabanasTulum
hotel,DreamsTulum
hotel,ElParaísoTulum
hotel,GranBahiaPrincipeCoba
hotel,GranBahiaPríncipeTulum
hotel,GreenTulum
hotel,OmTulum
hotel,ParaysoHotelandSpa
hotel,RetiroMaya
hotel,VillaTulum
hotel,Zahara
hotel,ZulumBeachClubandCabañas
hotel,VillasArqueológicasCoba